Name,Website,Phone,Email,Has Contact Form,Contact Form URL,Category,City,Source
"Should You Go Solar In 2026? - Use This Solar Calculator",https://duckduckgo.com/y.js?ad_domain=solar%2Destimate.org&ad_provider=bingv7aa&ad_type=txad&click_metadata=uqxkeBXLbBpfJL4Ry_wxuvOYhFrntlT4BKEvnQqDYKtrfMqSTFgXNI9g4DXvs28dtsKddiVEJ6iN40PMEK3_p7Kw58bdBlkH9zAL1kgxMncVJ5k6io8fPZf4h3drOxKbHqk%2D17jTOUaVvn_ptIrxTlrjQ8I2o_c6DJx1SLXWOVQ.LG8syJPWZwHfUMmWbJkC7g&rut=540f927f399742c4f584696167ab5d05347babb807dc238ee1ff07082f8e741b&u3=https%3A%2F%2Fwww.bing.com%2Faclick%3Fld%3De87qA4kyFD_2R6EvPLUYDwDDVUCUxvtc6zZ%2DOEOCo4XyQSau5JJY9zeI6Tuk5IM1lKO0a4uYIxujcV5wWqGIpR9hZACwssqA2ykaYry98NWJxkLsc5frjLzFaQJmIAnToIOcoI6qwajf6ArAZukfiwQlOeT8rU1sonQoQJXoxBr6o3wOZWBtrizbKQ4jIU8c69MpsquWb3ZKbrRImeNkx_4zigrTs%26u%3DaHR0cHMlM2ElMmYlMmZ3d3cuc29sYXItZXN0aW1hdGUub3JnJTJmJTNmYWZmJTNkMjA5NzMzJTI2Y2FtJTNkODAyJTI2YWlkJTNkODI4NzYxMDE5NDYzMzMlMjZnaWQlM2QxMzI2MDEzNzI0ODk2MTI0JTI2Y2lkJTNkNjYzNTY1NTQ3JTI2bXNjbGtpZCUzZDM2NjFlMGMyY2QxZTFhY2ZiNjQwOGFjM2RmNTI0MTFkJTI2dXRtX3NvdXJjZSUzZGJpbmclMjZ1dG1fbWVkaXVtJTNkY3BjJTI2dXRtX2NhbXBhaWduJTNkKkdCJTI1MjBNU0ElMjUyMFNSQ0glMjUyMCUyNTVCRERHJTI1MjAlMjUyNDYwJTI1MjBSUEwlMjUyMENvdW50aWVzJTI1MjAlMjUyNDYwJTI1MjB0Q1BBJTI1MjAlMjUyNDglMjUyMENQQyUyNTVEJTI2dXRtX3Rlcm0lM2Rzb2xhciUyNTIwY29tcGFuaWVzJTI2dXRtX2NvbnRlbnQlM2Rzb2xhciUyNTIwY29tcGFuaWVzJTI1MjAtJTI1MjBwaHJhc2U%26rlid%3D3661e0c2cd1e1acfb6408ac3df52411d&vqd=4-310530141124546049675957377014986621505&iurl=%7B1%7DIG%3D1CF748EE56A04160869B5A40CE4D1962%26CID%3D321EBF0F6AA06F582778A85A6B0D6EDD%26ID%3DDevEx%2C5046.1,(844) 442-5029,,Yes,https://duckduckgo.com/contact-us,solar installers,New Brunswick,DuckDuckGo Search
"Best Solar Companies in New Brunswick, NJ (2025 Top Solar Installers)",https://www.solarreviews.com/solar-companies/new-jersey/new-brunswick,+1 (855) 525-1675,,Yes,https://www.solarreviews.com/https://www.solarreviews.com/contact-us,solar installers,New Brunswick,DuckDuckGo Search
"Solar Panel Installation New Brunswick | 100+ Google Reviews",https://impactsolarnj.com/new-brunswick-nj/,2147483647,sales@impactsolarnj.com,Yes,https://impactsolarnj.com/https://impactsolarnj.com/contact-us/,solar installers,New Brunswick,DuckDuckGo Search
"15 Best Solar Companies in New Brunswick, NJ (2025 Reviews)",https://www.ecowatch.com/solar/best-companies/nj/new-brunswick,7329926323,,Yes,https://www.ecowatch.com/        https://ecowatch.allstarpros.com/ms_widget_builder/ew-get-solar-quotes/?subid=solar_best-companies_nj_new-brunswick_lsgm-ew_locprovlist_panel
    ,solar installers,New Brunswick,DuckDuckGo Search
"Best Solar Companies in New Brunswick, NJ: 2026 Trusted Local ...",https://www.energysage.com/local-data/solar-companies/nj/middlesex-county/new-brunswick/,2147483647,support@energysage.com,Yes,https://www.energysage.com/https://www.energysage.com/contact/,solar installers,New Brunswick,DuckDuckGo Search
"Top Solar Companies in New Brunswick, New Jersey - residentsolarpower.com",https://residentsolarpower.com/city/nj-new-brunswick/,1268026390,media@residentsolarpower.com,Yes,https://residentsolarpower.com/https://residentsolarpower.com/contact-us/,solar installers,New Brunswick,DuckDuckGo Search
"Solar Installation New Brunswick | $0 Down for Solar PPA",https://greenpowerenergy.com/new-jersey/solar-panel-installation/new-brunswick/,6903801349,chosen-sprite@2x.png,Yes,https://greenpowerenergy.com/https://greenpowerenergy.com/contact/,solar installers,New Brunswick,DuckDuckGo Search
"Solar Company in New Brunswick, NJ - PowerLutions Solar Company",https://powerlutions.com/service-areas/nj/solar-company-new-brunswick/,+1732-987-3939,info@Powerlutions.com,Yes,https://powerlutions.com/https://powerlutions.com/solar-quote/,solar installers,New Brunswick,DuckDuckGo Search
"The Best Solar Power Companies in New Brunswick",https://www.solarenergy4u.org/jers/best-solar-power-companies-in-new-brunswick/,,,No,,solar installers,New Brunswick,DuckDuckGo Search
"New Brunswick Solar Panels | Solar Power Installer New Brunswick, NJ",http://www.primesolarpower.com/NY/New-Brunswick-solar.html,(917) 582-2743,,Yes,,solar installers,New Brunswick,DuckDuckGo Search
"Fence builders - Fence Install Cost Estimate",https://duckduckgo.com/y.js?ad_domain=allstarpros.com&ad_provider=bingv7aa&ad_type=txad&click_metadata=VfOcWbVcIUBDqsQw%2DVnXUht92M4fIM5yEuV4HtVX1TGdzbLBzeJ00_YP3z6lPlg9UBAJx5g2geZ0iI1Piajpi%2DAJNU_HVfvroq%2D7EL9koUvrLiditGszQLWUJbNOjYq%2Dw7pXTUU3Ampo17dHKNvYuHpbjpGVOwe37CJavTpB4Rg.ZCzTKqPdp_pEAHcKhhpnpw&rut=8470b5cf84ad12296b4342e496a0734ad76ddfcc1c0e321c84a093cc5cf1ed8c&u3=https%3A%2F%2Fwww.bing.com%2Faclick%3Fld%3De80v7PAc%2DgFMqE8UNM6he3QTVUCUxCZZQfsyVjQDm9ViUsBdfJ4gwhT3cwQc3CiiiUzVeXyeS7CVWqa%2Dnt9o0JAJJHgevzgndEa87KdQGxz9rOmdfdsisMcZNFGQ%2DjLB3CMcm8fKyX2t8VacElFFJUDImm4hQZRwzY8M_WIj6ciibM%2DX5pRd899MC7xRWskK8Re4JiCqho4N3vi8su%2DvEGRw4Ux8w%26u%3DaHR0cHMlM2ElMmYlMmZhbGxzdGFycHJvcy5jb20lMmZhZHdkcyUyZiUzZnByb2plY3QlM2RmZW5jZV9pbnN0YWxsYXRpb24lMjZsb2NwJTNkOTY1MTglMjZsb2NpJTNkNTgzMDMlMjZrdyUzZGZlbmNlJTI1MjBidWlsZGVycyUyNnZhcjElM2Q2MDYwNTA4NDclMjZhY2N0JTNkYl9mZW5fJTI2dXRtX3NvdXJjZSUzZGJpbmclMjZ1dG1fbWVkaXVtJTNkY3BjJTI2dXRtX25ldHdvcmslM2RzJTI2dXRtX2RldmljZSUzZGMlMjZ1dG1fa2V5d29yZCUzZGZlbmNlJTI1MjBidWlsZGVycyUyNnV0bV9tYXRjaHR5cGUlM2RwJTI2dXRtX2NhbXBhaWduaWQlM2Q2MDYwNTA4NDclMjZ1dG1fYWRncm91cGlkJTNkMTMzMzcxMDE2MjQ5MDc3MSUyNnV0bV9hZGlkJTNkODMzNTcxNjg4NjQzMTElMjZtc2Nsa2lkJTNkYjNkM2RmOTBjZmRkMTk4YjA4MzRiNTkxZGRiOTFmNDU%26rlid%3Db3d3df90cfdd198b0834b591ddb91f45&vqd=4-294305062540511996310413247109029441480&iurl=%7B1%7DIG%3D17835869841B44ECAD5ED0B9C456EAA3%26CID%3D39D1A5BA84C669C13AA8B2EF856B68B5%26ID%3DDevEx%2C5050.1,2528914064,,Yes,,fence builders,New Brunswick,DuckDuckGo Search
"New Brunswick Fence Installation &amp; Fence Company | (732) 837-0856",https://www.superiorfenceandrail.com/central-jersey/new-brunswick-fence-company/,(732) 837-0856,centraljersey@superiorfenceandrail.com,Yes,https://www.superiorfenceandrail.com/central-jersey/contact-us/,fence builders,New Brunswick,DuckDuckGo Search
"Modern Fence Installation NJ | Vinyl, Wood, Aluminum Fencing",https://modernfenceco.com/,1 732 238 5588,info@modernfenceco.com,Yes,https://modernfenceco.com/contact/,fence builders,New Brunswick,DuckDuckGo Search
"Top Fence Company in New Brunswick | Ergeon Fence | Call 732-585-1970",https://www.ergeon.com/fences/cities/middlesex-county-new-brunswick-nj/,732-585-1970,,Yes,,fence builders,New Brunswick,DuckDuckGo Search
"The 10 Best Fence Contractors in New Brunswick, NJ 2026 - Thumbtack",https://cdn.thumbtackstatic.com/fe-assets-rr/nextjs/v5/_next/static/images/fav-d9da1dd4b154406aa350a1e034634fd87bc6ac3d.ico,,,No,,fence builders,New Brunswick,DuckDuckGo Search
"Get Fence Construction in New Brunswick, NJ - Hunterdon County Fences",https://hunterdoncountyfences.com/fence-construction-new-brunswick-nj,,,Yes,https://hunterdoncountyfences.com/contact,fence builders,New Brunswick,DuckDuckGo Search
"Top rated fence contractor in New Brunswick, New Jersey",https://northeast-fence.com/fence-company-new-brunswick-nj/,,,No,,fence builders,New Brunswick,DuckDuckGo Search
"Fences in New Jersey 08901 - Fence Builders New Brunswick",https://www.lionfencebuilders.com/new-brunswick-fence-builders-lion-fence-builders-new-brunswick-new-jersey-middlesex-county,855-912-7888,,Yes,https://www.lionfencebuilders.com/contact,fence builders,New Brunswick,DuckDuckGo Search
"Best 15 Fence Companies &amp; Installers in New Brunswick, NJ - Houzz",https://st.hzcdn.com/res/29635292/css/style?f=houzz-bootstrap,ui,houzzTheme,houzz-responsive-1425px,,dlgCloseBtn_black@2x.png,Yes,,fence builders,New Brunswick,DuckDuckGo Search
"Best Deck Contractors New Brunswick - Top 10",https://cdn.thumbtackstatic.com/fe-assets-rr/nextjs/v5/_next/static/images/fav-d9da1dd4b154406aa350a1e034634fd87bc6ac3d.ico,,,No,,deck contractors,New Brunswick,DuckDuckGo Search
"Best 15 Deck Builders &amp; Contractors in New Brunswick, NJ | Houzz",https://st.hzcdn.com/res/29635292/css/style?f=houzz-bootstrap,ui,houzzTheme,houzz-responsive-1425px,,dlgCloseBtn_black@2x.png,Yes,,deck contractors,New Brunswick,DuckDuckGo Search
"Deck &amp; Patio in New Brunswick, NJ | Licensed Contractor",https://www.the5thwallco.com/services/deck-and-patio/new-brunswick,+16099543659,info@the5thwallco.com,Yes,https://www.the5thwallco.com/contact,deck contractors,New Brunswick,DuckDuckGo Search
"47 Best Deck &amp; Porch Builders - New Brunswick NJ | HomeAdvisor",https://signup.homeadvisorpros.com/pro/ha,(833) 777-0260,,No,,deck contractors,New Brunswick,DuckDuckGo Search
"Deck Builders | New Brunswick, NJ | Dasan Building Group",https://www.dasanbuilders.com/contact/deck-builders-service-area/new-brunswick-nj,1144820115,,Yes,https://www.dasanbuilders.com/https://www.dasanbuilders.com/contact/deck-builders-service-area/new-brunswick-nj,deck contractors,New Brunswick,DuckDuckGo Search
"10 Best Deck Builders in New Brunswick, NJ 2026 - Porch",https://www.movingplace.com,(866) 605-9518,customer-support@service.movingplace.com,Yes,,deck contractors,New Brunswick,DuckDuckGo Search
"Custom Decks New Brunswick NJ - Wood &amp; Composite",https://www.7tconstruction.com/service-area/new-brunswick-nj,1998592992,,Yes,https://www.7tconstruction.com/contact,deck contractors,New Brunswick,DuckDuckGo Search
"Wood Deck Building New Brunswick NJ",https://supreme-pro-construction.com/Wood-Deck-Building_New-Brunswick_NJ.htm,+12019957878,,Yes,https://supreme-pro-construction.com/templates/contactForm.css,deck contractors,New Brunswick,DuckDuckGo Search
"Gunite Pool Installers - Choose a Reputable Contractor",https://duckduckgo.com/y.js?ad_domain=quickpoolquotes.com&ad_provider=bingv7aa&ad_type=txad&click_metadata=TYZJaNfGGVSZcUaTuZHigCU7BUNnieaGy10NqPSOErDWbOJv7EImQS7qBffs1C%2DxGLEpQNrJg4N1wjX0L4PtKrRWnjAadpj04kwGTQoHDIMDHkfX0yp6ZItKLT8p0b3bXRazUyp5baL71SFojxVpeBasEDU4ORpItU3jL97shsY.krK4AoOgS_cQa6HoFAPgjQ&rut=6529d35dfe1fc8204b83288952525a3c367ff5b968a3faa694cba854c5b36554&u3=https%3A%2F%2Fwww.bing.com%2Faclick%3Fld%3De8k4gMebrD6a%2D5Brdh6FY5QDVUCUxqkCr58UxQYrgTRYE2gplruBeoKZlrJMswqRyERxpGRXdy40WFmQTYauf7Ch0fdNxMfyha73v6F_Yn9oD6%2DPBHtlvds97%2D_6HAOHi6fPnGvhNV5Ue62LUu3PeiK81hNNybVro00rsw0nPHPDyxeKftf3kakLqAug0dUKc_oe213SHm58b7w9XQ__jz09Bakg8%26u%3DaHR0cHMlM2ElMmYlMmZxdWlja3Bvb2xxdW90ZXMuY29tJTNmbXNjbGtpZCUzZDJlOGY1MzE5OTU1NDFmNWY5ZDAzMzkxODg3ZjRmMzg3JTI2bSUzZGNhbW1iaW5nc2VtY2olMjZlbnRyeV9wb2ludF9pZCUzZDQ0NzM3MDU5JTI2aXZfJTNkX19pdl9wXzJfYV8yNjQ2NjI4NzdfZ18xMzExNzE4NjM2NDM2MTkxX3dfa3dkLTgxOTgyNzI1OTE0MTc1JTNhbG9jLTcxMjQ5X2hfOTY0NjJfaWlfNTgzMDNfZF9jX3ZfX25fc19jX19rX2Jlc3QlMjUyMHBvb2wlMjUyMGNvbnRyYWN0b3JzJTI1MjBuZWFyJTI1MjBtZV9tX3BfcV9wb29sJTI1MjBidWlsZGVycyUyNTIwTmV3JTI1MjBCcnVuc3dpY2tfbF9fdF9fZV9fcl9fdmlfXyUyNmt3X2lkJTNkYmVzdCUyNTIwcG9vbCUyNTIwY29udHJhY3RvcnMlMjUyMG5lYXIlMjUyMG1lJTI2Y19pZCUzZCUyNmRldl9pZCUzZGMlMjZtJTNkY2FtbWJpbmdzZW1jaiUyNmVudHJ5X3BvaW50X2lkJTNkNDQ3MzcwNTklMjZzZW0lM2R0cnVlJTI2bXNjbGtpZCUzZDJlOGY1MzE5OTU1NDFmNWY5ZDAzMzkxODg3ZjRmMzg3%26rlid%3D2e8f531995541f5f9d03391887f4f387&vqd=4-292838153544302758837267181420936737550&iurl=%7B1%7DIG%3D08DE2C96B1214D7CAEBBACE41DE960FA%26CID%3D3FC4C6CF885C68270E8ED19A89D76958%26ID%3DDevEx%2C5050.1,0836710640,,Yes,https://duckduckgo.com/https://media.angi.com/s3fs-public/Quick Pool Quotes.svg,pool builders,New Brunswick,DuckDuckGo Search
"International Swimming Pools| Steel Pools| New Brunswick, New Jersey",https://www.internationalswimmingpools.com/,2545352419,info@internationalswimmingpools.com,Yes,https://www.internationalswimmingpools.com/https://www.internationalswimmingpools.com/contact,pool builders,New Brunswick,DuckDuckGo Search
"Pool Builder in New Brunswick, NJ | MasterFinder",https://masterfinder.com/pool-builder/new-brunswick-nj/,,,Yes,https://masterfinder.com/contact/,pool builders,New Brunswick,DuckDuckGo Search
"Swimming Pool Designers &amp; Installers Near New Brunswick",https://st.hzcdn.com/res/29635292/css/style?f=houzz-bootstrap,ui,houzzTheme,houzz-responsive-1425px,,dlgCloseBtn_black@2x.png,Yes,,pool builders,New Brunswick,DuckDuckGo Search
"TOP Pool Builder New Brunswick, NJ | FAST &amp; RELIABLE TEAM",https://poolsdb.com/pool-builder/new-brunswick-nj,+1(888) 346-2942,INFO@poolsdb.com,Yes,https://poolsdb.com/contact,pool builders,New Brunswick,DuckDuckGo Search
"Home - Stardust Pools",http://stardust-pools.com/,732-254-3330,,Yes,http://stardust-pools.com/http://stardust-pools.com/contact-us/,pool builders,New Brunswick,DuckDuckGo Search
"#1 New Brunswick Pool Builders | Coronado&#x27;s Pool Renovations",https://call.coronadospoolrenovations.com/new-brunswick-pool-builders/,(215) 723-5885,,Yes,,pool builders,New Brunswick,DuckDuckGo Search
"Custom Pool Pros | North Jersey",https://customswimmingpoolsnj.com/,17678919355,chosen-sprite@2x.png,Yes,https://customswimmingpoolsnj.com/https://customswimmingpoolsnj.com/contact/,pool builders,New Brunswick,DuckDuckGo Search
"Top Landscaping Services New Brunswick",https://cdn.thumbtackstatic.com/fe-assets-rr/nextjs/v5/_next/static/images/fav-d9da1dd4b154406aa350a1e034634fd87bc6ac3d.ico,,,No,,landscaping services,New Brunswick,DuckDuckGo Search
"Landscaping Services New Brunswick NJ - lawnsbyreyes.com",https://lawnsbyreyes.com/landscaping-services-new-brunswick-nj/,1726437922,,Yes,https://lawnsbyreyes.com/https://lawnsbyreyes.com/contact-us/,landscaping services,New Brunswick,DuckDuckGo Search
"Professional Landscaping &amp; Hardscape | DL Landscaping LLC, New ...",https://dllandscapingllc.net/,(848) 391-8746,mainordavila020@gmail.com,Yes,https://dllandscapingllc.net/https://dllandscapingllc.net/contact,landscaping services,New Brunswick,DuckDuckGo Search
"https://www.merlinlandscapingllc.com/ | Landscaping Contractors New ...",https://www.merlinlandscapingllc.com/,2545352419,dd0a55ccb8124b9c9d938e3acf41f8aa@sentry.wixpress.com,Yes,https://www.merlinlandscapingllc.com/https://static.parastorage.com/services/form-app/1.2659.0/client-viewer/form-app-contacts-phone.chunk.min.css,landscaping services,New Brunswick,DuckDuckGo Search
"New Brunswick, NJ Landscaping - No Limit Landscape LLC",https://nolimitlandscape.net/service-areas/new-brunswick-nj,(732) 439-3395,business@nolimitnj.net,Yes,https://nolimitlandscape.net/contact-us,landscaping services,New Brunswick,DuckDuckGo Search
"Lopez Landscaping Solution Offers Mulching Services in New Brunswick ...",https://landscapingservicesnewbrunswick.com/about_us,,,No,,landscaping services,New Brunswick,DuckDuckGo Search
"The 10 Best Landscaping Companies in New Brunswick, NJ (2026) - HomeGuide",https://homeguide.com/nj/new-brunswick/landscaping/,,,No,,landscaping services,New Brunswick,DuckDuckGo Search
